<?xml version="1.0" encoding="UTF-8"?>
<Quota async="false" continueOnError="false" enabled="true" name="Q-Quota" type="calendar">
    <DisplayName>Q-Quota</DisplayName>
    <Properties/>
    <Allow count="2000" countRef="request.header.allowed_quota"/>
    <Interval ref="request.header.quota_count">1</Interval>
    <Distributed>false</Distributed>
    <Synchronous>false</Synchronous>
    <TimeUnit ref="request.header.quota_timeout">month</TimeUnit>
    <StartTime>2017-1-19 12:00:00</StartTime>
    <AsynchronousConfiguration>
        <SyncIntervalInSeconds>20</SyncIntervalInSeconds>
        <SyncMessageCount>5</SyncMessageCount>
    </AsynchronousConfiguration>
</Quota>
